ETER_ID,Name,Category,Institution_Category_Standardized,Member_of_European_University_alliance,Url,NUTS2,NUTS2_Label_2016,NUTS2_Label_2021,NUTS3,NUTS3_Label_2016,NUTS3_Label_2021,domain_without_www
FR0002,Université de technologie de Troyes,public,Other,Yes,www.utt.fr,FRF2,Champagne-Ardenne,Champagne-Ardenne,FRF22,Aube,Aube,utt.fr
FR0003,École de l'air,public,Other,No,www.ecole-air-espace.fr,FRL0,Provence-Alpes-Côte d’Azur,Provence-Alpes-Côte d’Azur,FRL04,Bouches-du-Rhône,Bouches-du-Rhône,ecole-air-espace.fr
FR0004,École nationale supérieure d'architecture de Marseille,public,Other,No,www.marseille.archi.fr,FRL0,Provence-Alpes-Côte d’Azur,Provence-Alpes-Côte d’Azur,FRL04,Bouches-du-Rhône,Bouches-du-Rhône,marseille.archi.fr
FR0005,École supérieure d'art et de design Marseille-Mediterranée,public,Other,No,www.esadmm.fr,FRL0,Provence-Alpes-Côte d’Azur,Provence-Alpes-Côte d’Azur,FRL04,Bouches-du-Rhône,Bouches-du-Rhône,esadmm.fr
FR0006,École centrale de Marseille,public,Other,No,www.centrale-marseille.fr,FRL0,Provence-Alpes-Côte d’Azur,Provence-Alpes-Côte d’Azur,FRL04,Bouches-du-Rhône,Bouches-du-Rhône,centrale-marseille.fr
FR0007,Aix-Marseille université,public,University,Yes,www.univ-amu.fr,FRL0,Provence-Alpes-Côte d’Azur,Provence-Alpes-Côte d’Azur,FRL04,Bouches-du-Rhône,Bouches-du-Rhône,univ-amu.fr
FR0008,Université de Caen Basse-Normandie,public,University,No,www.unicaen.fr,FRD1,Basse-Normandie ,Basse-Normandie ,FRD11,Calvados ,Calvados ,unicaen.fr
FR0009,École supérieure d'arts et médias de Caen - Cherbourg,public,Other,No,www.esam-c2.fr,FRD1,Basse-Normandie ,Basse-Normandie ,FRD11,Calvados ,Calvados ,esam-c2.fr
FR0010,École nationale supérieure d'ingénieurs de Caen,public,Other,No,www.ensicaen.fr,FRD1,Basse-Normandie ,Basse-Normandie ,FRD11,Calvados ,Calvados ,ensicaen.fr
FR0011,École supérieure d'ingénieurs des travaux de la construction de Caen,private,Other,No,www.esitc-caen.fr,FRD1,Basse-Normandie ,Basse-Normandie ,FRD11,Calvados ,Calvados ,esitc-caen.fr
FR0013,École d'ingénieurs en génie des systèmes industriels,private,Other,No,www.eigsi.fr,FRI3,Poitou-Charentes,Poitou-Charentes,FRI32,Charente-Maritime,Charente-Maritime,eigsi.fr
FR0014,Université de La Rochelle,public,University,Yes,www.univ-larochelle.fr,FRI3,Poitou-Charentes,Poitou-Charentes,FRI32,Charente-Maritime,Charente-Maritime,univ-larochelle.fr
FR0015,École nationale supérieure d'art de Bourges,public,Other,No,www.ensa-bourges.fr,FRB0,Centre — Val de Loire,Centre — Val de Loire,FRB01,Cher,Cher,ensa-bourges.fr
FR0017,École nationale supérieure d'art de Dijon,public,Other,No,www.ensa-dijon.fr,FRC1,Bourgogne,Bourgogne,FRC11,Côte-d’Or,Côte-d’Or,ensa-dijon.fr
FR0018,Université de Bourgogne,public,University,Yes,www.u-bourgogne.fr,FRC1,Bourgogne,Bourgogne,FRC11,Côte-d’Or,Côte-d’Or,u-bourgogne.fr
FR0020,"Institut national supérieur des sciences agronomiques, de l'alimentation et de l'environnement",public,Other,No,www.agrosupdijon.fr,FRC1,Bourgogne,Bourgogne,FRC11,Côte-d’Or,Côte-d’Or,agrosupdijon.fr
FR0021,École nationale supérieure de mécanique et des microtechniques,public,Other,No,www.ens2m.fr,FRC2,Franche-Comté,Franche-Comté,FRC21,Doubs,Doubs,ens2m.fr
FR0022,Université de Franche-Comté,public,University,No,www.univ-fcomte.fr,FRC2,Franche-Comté,Franche-Comté,FRC21,Doubs,Doubs,univ-fcomte.fr
FR0023,École nationale d'ingénieurs de Brest,public,Other,No,www.enib.fr,FRH0,Bretagne,Bretagne,FRH02,Finistère,Finistère,enib.fr
FR0024,École Navale,public,Other,No,www.ecole-navale.fr,FRH0,Bretagne,Bretagne,FRH02,Finistère,Finistère,ecole-navale.fr
FR0025,École nationale supérieure de techniques avancées Bretagne,public,Other,No,www.ensta-bretagne.fr,FRH0,Bretagne,Bretagne,FRH02,Finistère,Finistère,ensta-bretagne.fr
FR0026,Université de Bretagne Occidentale,public,University,Yes,www.univ-brest.fr,FRH0,Bretagne,Bretagne,FRH02,Finistère,Finistère,univ-brest.fr
FR0028,Institut supérieur de l'électronique et du numérique Brest,private,Other,No,isen-brest.fr,FRH0,Bretagne,Bretagne,FRH02,Finistère,Finistère,isen-brest.fr
FR0029,École des mines d'Alès,public,Other,No,www.mines-ales.fr,FRJ1,Languedoc-Roussillon,Languedoc-Roussillon,FRJ12,Gard,Gard,mines-ales.fr
FR0030,Université de Nîmes,public,University,No,www.unimes.fr,FRJ1,Languedoc-Roussillon,Languedoc-Roussillon,FRJ12,Gard,Gard,unimes.fr
FR0031,Institut supérieur des Arts de Toulouse,public,Other,No,www.isdat.eu,FRJ2,Midi-Pyrénées,Midi-Pyrénées,FRJ23,Haute-Garonne,Haute-Garonne,isdat.eu
FR0032,École nationale supérieure d'architecture de Toulouse,public,Other,No,www.toulouse.archi.fr,FRJ2,Midi-Pyrénées,Midi-Pyrénées,FRJ23,Haute-Garonne,Haute-Garonne,toulouse.archi.fr
FR0033,Institut national des sciences appliquées de Toulouse,public,Other,Yes,www.insa-toulouse.fr,FRJ2,Midi-Pyrénées,Midi-Pyrénées,FRJ23,Haute-Garonne,Haute-Garonne,insa-toulouse.fr
FR0034,École d'ingénieurs de Purpan,private,Other,No,www.purpan.fr,FRJ2,Midi-Pyrénées,Midi-Pyrénées,FRJ23,Haute-Garonne,Haute-Garonne,purpan.fr
FR0035,Institut catholique de Toulouse,private,Other,No,www.ict-toulouse.fr,FRJ2,Midi-Pyrénées,Midi-Pyrénées,FRJ23,Haute-Garonne,Haute-Garonne,ict-toulouse.fr
FR0036,École nationale de l'aviation civile,public,Other,No,www.enac.fr,FRJ2,Midi-Pyrénées,Midi-Pyrénées,FRJ23,Haute-Garonne,Haute-Garonne,enac.fr
FR0037,Institut national polytechnique de Toulouse,public,Other,Yes,www.inp-toulouse.fr,FRJ2,Midi-Pyrénées,Midi-Pyrénées,FRJ23,Haute-Garonne,Haute-Garonne,inp-toulouse.fr
FR0038,Université Toulouse 1 - Capitole,public,University,Yes,www.ut-capitole.fr,FRJ2,Midi-Pyrénées,Midi-Pyrénées,FRJ23,Haute-Garonne,Haute-Garonne,ut-capitole.fr
FR0039,Université Toulouse - Jean Jaurès,public,University,Yes,www.univ-tlse2.fr,FRJ2,Midi-Pyrénées,Midi-Pyrénées,FRJ23,Haute-Garonne,Haute-Garonne,univ-tlse2.fr
FR0040,Université de Toulouse 3 - Paul Sabatier,public,University,Yes,www.univ-tlse3.fr,FRJ2,Midi-Pyrénées,Midi-Pyrénées,FRJ23,Haute-Garonne,Haute-Garonne,univ-tlse3.fr
FR0041,Institut supérieur de l'aéronautique et de l'espace,public,Other,Yes,www.isae-supaero.fr,FRJ2,Midi-Pyrénées,Midi-Pyrénées,FRJ23,Haute-Garonne,Haute-Garonne,isae-supaero.fr
FR0042,École nationale supérieure d'architecture et de paysage de Bordeaux,public,Other,No,www.bordeaux.archi.fr,FRI1,Aquitaine,Aquitaine,FRI12,Gironde,Gironde,bordeaux.archi.fr
FR0043,École nationale supérieure des sciences agronomiques de Bordeaux Aquitaine,public,Other,No,www.agro-bordeaux.fr,FRI1,Aquitaine,Aquitaine,FRI12,Gironde,Gironde,agro-bordeaux.fr
FR0046,Université Bordeaux Montaigne,public,University,No,www.u-bordeaux3.fr,FRI1,Aquitaine,Aquitaine,FRI12,Gironde,Gironde,u-bordeaux3.fr
FR0047,École des beaux-arts de Bordeaux,public,Other,No,www.ebabx.fr,FRI1,Aquitaine,Aquitaine,FRI12,Gironde,Gironde,ebabx.fr
FR0048,École nationale de la magistrature,public,Other,No,www.enm.justice.fr,FRI1,Aquitaine,Aquitaine,FRI12,Gironde,Gironde,enm.justice.fr
FR0050,Institut polytechnique de Bordeaux,public,Other,No,www.bordeaux-inp.fr,FRI1,Aquitaine,Aquitaine,FRI12,Gironde,Gironde,bordeaux-inp.fr
FR0051,École nationale supérieure de chimie de Montpellier,public,Other,No,www.enscm.fr,FRJ1,Languedoc-Roussillon,Languedoc-Roussillon,FRJ13,Hérault,Hérault,enscm.fr
FR0052,École nationale supérieure d’architecture de Montpellier,public,Other,No,www.montpellier.archi.fr,FRJ1,Languedoc-Roussillon,Languedoc-Roussillon,FRJ13,Hérault,Hérault,montpellier.archi.fr
FR0055,Université Montpellier 3 - Paul-Valéry,public,University,No,www.univ-montp3.fr,FRJ1,Languedoc-Roussillon,Languedoc-Roussillon,FRJ13,Hérault,Hérault,univ-montp3.fr
FR0056,Institut national d'études supérieures agronomiques de Montpellier,public,Other,No,www.montpellier-supagro.fr,FRJ1,Languedoc-Roussillon,Languedoc-Roussillon,FRJ13,Hérault,Hérault,montpellier-supagro.fr
FR0057,École nationale supérieure de chimie de Rennes,public,Other,No,www.ensc-rennes.fr,FRH0,Bretagne,Bretagne,FRH03,Ille-et-Vilaine,Ille-et-Vilaine,ensc-rennes.fr
FR0058,École nationale supérieure d'architecture de Bretagne,public,Other,No,www.rennes.archi.fr,FRH0,Bretagne,Bretagne,FRH03,Ille-et-Vilaine,Ille-et-Vilaine,rennes.archi.fr
FR0061,Institut national des sciences appliquées de Rennes,public,Other,No,www.insa-rennes.fr,FRH0,Bretagne,Bretagne,FRH03,Ille-et-Vilaine,Ille-et-Vilaine,insa-rennes.fr
FR0062,Université de Rennes 1,public,University,Yes,www.univ-rennes1.fr,FRH0,Bretagne,Bretagne,FRH03,Ille-et-Vilaine,Ille-et-Vilaine,univ-rennes1.fr
FR0063,Université Rennes 2,public,University,No,www.univ-rennes2.fr,FRH0,Bretagne,Bretagne,FRH03,Ille-et-Vilaine,Ille-et-Vilaine,univ-rennes2.fr
FR0064,ECAM Rennes Louis de Broglie,private,Other,No,www.ecam-rennes.fr,FRH0,Bretagne,Bretagne,FRH03,Ille-et-Vilaine,Ille-et-Vilaine,ecam-rennes.fr
FR0065,Institut catholique de Rennes,private,Other,No,www.icrennes.com,FRH0,Bretagne,Bretagne,FRH03,Ille-et-Vilaine,Ille-et-Vilaine,icrennes.com
FR0066,École des métiers de l'environnement,private,Other,No,www.ecole-eme.fr,FRH0,Bretagne,Bretagne,FRH03,Ille-et-Vilaine,Ille-et-Vilaine,ecole-eme.fr
FR0067,École des Avocats du Grand Ouest,private,Other,No,www.edago.fr,FRH0,Bretagne,Bretagne,FRH03,Ille-et-Vilaine,Ille-et-Vilaine,edago.fr
FR0068,École nationale de la statistique et de l'analyse de l'information,public,Other,No,www.ensai.fr,FRH0,Bretagne,Bretagne,FRH03,Ille-et-Vilaine,Ille-et-Vilaine,ensai.fr
FR0069,"Institut supérieur des sciences agronomiques, agroalimentaires, horticoles et du paysage",public,Other,No,www.agrocampus-ouest.fr,FRH0,Bretagne,Bretagne,FRH03,Ille-et-Vilaine,Ille-et-Vilaine,agrocampus-ouest.fr
FR0070,Université de Tours,public,University,No,www.univ-tours.fr,FRB0,Centre — Val de Loire,Centre — Val de Loire,FRB04,Indre-et-Loire,Indre-et-Loire,univ-tours.fr
FR0071,École nationale supérieure d'architecture de Grenoble,public,Other,No,www.grenoble.archi.fr,FRK2,Rhône-Alpes,Rhône-Alpes,FRK24,Isère,Isère,grenoble.archi.fr
FR0072,École supérieure d'art de Grenoble,public,Other,No,www.esad-gv.fr,FRK2,Rhône-Alpes,Rhône-Alpes,FRK24,Isère,Isère,esad-gv.fr
FR0076,Grenoble INP,public,Other,No,www.grenoble-inp.fr,FRK2,Rhône-Alpes,Rhône-Alpes,FRK24,Isère,Isère,grenoble-inp.fr
FR0080,École nationale d'ingénieurs de Saint-Étienne,public,Other,No,www.enise.fr,FRK2,Rhône-Alpes,Rhône-Alpes,FRK25,Loire,Loire,enise.fr
FR0081,Telecom Saint-Étienne,public,Other,No,www.telecom-st-etienne.fr,FRK2,Rhône-Alpes,Rhône-Alpes,FRK25,Loire,Loire,telecom-st-etienne.fr
FR0082,Université Jean Monnet,public,University,Yes,www.univ-st-etienne.fr,FRK2,Rhône-Alpes,Rhône-Alpes,FRK25,Loire,Loire,univ-st-etienne.fr
FR0083,École nationale supérieure d'architecture de Saint-Étienne,public,Other,No,www.st-etienne.archi.fr,FRK2,Rhône-Alpes,Rhône-Alpes,FRK25,Loire,Loire,st-etienne.archi.fr
FR0084,Ecole centrale de Nantes,public,Other,No,www.ec-nantes.fr,FRG0,Pays de la Loire,Pays de la Loire,FRG01,Loire-Atlantique,Loire-Atlantique,ec-nantes.fr
FR0085,École nationale supérieure d'architecture de Nantes,public,Other,No,www.nantes.archi.fr,FRG0,Pays de la Loire,Pays de la Loire,FRG01,Loire-Atlantique,Loire-Atlantique,nantes.archi.fr
FR0086,École supérieure des beaux-arts de Nantes Métropole,public,Other,No,www.beauxartsnantes.fr,FRG0,Pays de la Loire,Pays de la Loire,FRG01,Loire-Atlantique,Loire-Atlantique,beauxartsnantes.fr
FR0087,Université de Nantes,public,University,Yes,www.univ-nantes.fr,FRG0,Pays de la Loire,Pays de la Loire,FRG01,Loire-Atlantique,Loire-Atlantique,univ-nantes.fr
FR0088,Institut régional d'administration de Nantes,public,Other,No,www.ira-nantes.gouv.fr,FRG0,Pays de la Loire,Pays de la Loire,FRG01,Loire-Atlantique,Loire-Atlantique,ira-nantes.gouv.fr
FR0091,École supérieure du bois,private,Other,No,www.esb-campus.fr,FRG0,Pays de la Loire,Pays de la Loire,FRG01,Loire-Atlantique,Loire-Atlantique,ecoledubois.fr
FR0092,Université d'Orléans,public,University,Yes,www.univ-orleans.fr,FRB0,Centre — Val de Loire,Centre — Val de Loire,FRB06,Loiret,Loiret,univ-orleans.fr
FR0093,École supérieure d'art et de design d'Orléans,public,Other,No,esadorleans.fr,FRB0,Centre — Val de Loire,Centre — Val de Loire,FRB06,Loiret,Loiret,esadorleans.fr
FR0094,École nationale d'administration pénitentiaire,public,Other,No,www.enap.justice.fr,FRI1,Aquitaine,Aquitaine,FRI14,Lot-et-Garonne,Lot-et-Garonne,enap.justice.fr
FR0095,École régionale des beaux-arts d'Angers,public,Other,No,angers.esba-talm.fr,FRG0,Pays de la Loire,Pays de la Loire,FRG02,Maine-et-Loire,Maine-et-Loire,angers.esba-talm.fr
FR0096,École supérieure d'agriculture d'Angers,private,Other,No,www.groupe-esa.com,FRG0,Pays de la Loire,Pays de la Loire,FRG02,Maine-et-Loire,Maine-et-Loire,groupe-esa.com
FR0097,École supérieure d'électronique de l'Ouest,private,Other,No,www.eseo.fr,FRG0,Pays de la Loire,Pays de la Loire,FRG02,Maine-et-Loire,Maine-et-Loire,eseo.fr
FR0098,Facultés libres de l'Ouest,private,Other,No,www.uco.fr,FRG0,Pays de la Loire,Pays de la Loire,FRG02,Maine-et-Loire,Maine-et-Loire,uco.fr
FR0099,Université d'Angers,public,University,No,www.univ-angers.fr,FRG0,Pays de la Loire,Pays de la Loire,FRG02,Maine-et-Loire,Maine-et-Loire,univ-angers.fr
FR0100,École supérieure angevine en informatique et productique,private,Other,No,www.esaip.org,FRG0,Pays de la Loire,Pays de la Loire,FRG02,Maine-et-Loire,Maine-et-Loire,esaip.org
FR0102,Université de Reims Champagne-Ardenne,public,University,No,www.univ-reims.fr,FRF2,Champagne-Ardenne,Champagne-Ardenne,FRF23,Marne,Marne,univ-reims.fr
FR0103,École nationale supérieure d'architecture de Nancy,public,Other,No,www.nancy.archi.fr,FRF3,Lorraine,Lorraine,FRF31,Meurthe-et-Moselle ,Meurthe-et-Moselle ,nancy.archi.fr
FR0104,École nationale supérieure d'art de Nancy,public,Other,No,ensad-nancy.eu,FRF3,Lorraine,Lorraine,FRF31,Meurthe-et-Moselle ,Meurthe-et-Moselle ,ensa-nancy.fr
FR0105,Université de Lorraine,public,Other,No,www.univ-lorraine.fr,FRF3,Lorraine,Lorraine,FRF31,Meurthe-et-Moselle ,Meurthe-et-Moselle ,univ-lorraine.fr
FR0108,Université de Bretagne-Sud,public,University,No,www.univ-ubs.fr,FRH0,Bretagne,Bretagne,FRH04,Morbihan,Morbihan,univ-ubs.fr
FR0110,Institut régional d'administration de Metz,public,Other,No,www.ira-metz.fr,FRF3,Lorraine,Lorraine,FRF33,Moselle,Moselle,ira-metz.fr
FR0111,École supérieure d'ingénieurs des travaux de la construction de Metz,private,Other,No,www.esitc-metz.com,FRF3,Lorraine,Lorraine,FRF33,Moselle,Moselle,esitc-metz.com
FR0112,École nationale supérieure de chimie de Lille,public,Other,No,www.ensc-lille.fr,FRE1,Nord-Pas de Calais,Nord-Pas de Calais,FRE11,Nord,Nord,ensc-lille.fr
FR0113,École nationale supérieure d'architecture et de paysage de Lille,public,Other,No,www.lille.archi.fr,FRE1,Nord-Pas de Calais,Nord-Pas de Calais,FRE11,Nord,Nord,lille.archi.fr
FR0114,École nationale supérieure des arts et industries textiles,public,Other,No,www.ensait.fr,FRE1,Nord-Pas de Calais,Nord-Pas de Calais,FRE11,Nord,Nord,ensait.fr
FR0117,Groupe Institut supérieur d'agriculture de Lille,private,Other,No,www.isa-lille.fr,FRE1,Nord-Pas de Calais,Nord-Pas de Calais,FRE11,Nord,Nord,isa-lille.fr
FR0118,Institut catholique de Lille,private,Other,No,www.univ-catholille.fr,FRE1,Nord-Pas de Calais,Nord-Pas de Calais,FRE11,Nord,Nord,univ-catholille.fr
FR0119,Institut supérieur de l'électronique et du numérique Lille,private,Other,No,www.isen-lille.fr,FRE1,Nord-Pas de Calais,Nord-Pas de Calais,FRE11,Nord,Nord,isen-lille.fr
FR0120,Hautes études d'ingénieur,private,Other,No,www.hei.fr,FRE1,Nord-Pas de Calais,Nord-Pas de Calais,FRE11,Nord,Nord,hei.fr
FR0121,Centrale Lille Institut,public,Other,No,centralelille.fr,FRE1,Nord-Pas de Calais,Nord-Pas de Calais,FRE11,Nord,Nord,centralelille.fr
FR0122,Université Polytechnique Hauts-de-France,public,University,Yes,www.uphf.fr,FRE1,Nord-Pas de Calais,Nord-Pas de Calais,FRE11,Nord,Nord,uphf.fr
FR0126,Institut régional d'administration de Lille,public,Other,No,www.ira-lille.gouv.fr,FRE1,Nord-Pas de Calais,Nord-Pas de Calais,FRE11,Nord,Nord,ira-lille.gouv.fr
FR0127,Université du Littoral Côte d'Opale,public,University,No,www.univ-littoral.fr,FRE1,Nord-Pas de Calais,Nord-Pas de Calais,FRE11,Nord,Nord,univ-littoral.fr
FR0128,IXAD École des avocats de la région Nord-Ouest,private,Other,No,www.cfpa-online.com,FRE1,Nord-Pas de Calais,Nord-Pas de Calais,FRE11,Nord,Nord,cfpa-online.com
FR0130,Université de technologie de Compiègne,public,Other,No,www.utc.fr,FRE2,Picardie,Picardie,FRE22,Oise,Oise,utc.fr
FR0131,École supérieure de chimie organique et minérale,private,Other,No,www.escom.fr,FRE2,Picardie,Picardie,FRE22,Oise,Oise,escom.fr
FR0132,Université d'Artois,public,University,No,www.univ-artois.fr,FRE1,Nord-Pas de Calais,Nord-Pas de Calais,FRE12,Pas-de-Calais,Pas-de-Calais,univ-artois.fr
FR0134,Ecole nationale des finances publiques,public,Other,No,www.impots.gouv.fr,FR10,Ile-de-France,Ile-de-France,FR106,Seine-Saint-Denis ,Seine-Saint-Denis ,impots.gouv.fr
FR0136,École nationale supérieure d'architecture de Clermont-Ferrand,public,Other,No,www.clermont-fd.archi.fr,FRK1,Auvergne,Auvergne,FRK14,Puy-de-Dôme,Puy-de-Dôme,clermont-fd.archi.fr
FR0140,Université de Pau et des Pays de l'Adour,public,University,Yes,www.univ-pau.fr,FRI1,Aquitaine,Aquitaine,FRI15,Pyrénées-Atlantiques,Pyrénées-Atlantiques,univ-pau.fr
FR0142,École supérieure des technologies industrielles avancées,private,Other,No,www.estia.fr,FRI1,Aquitaine,Aquitaine,FRI15,Pyrénées-Atlantiques,Pyrénées-Atlantiques,estia.fr
FR0143,École nationale d'ingénieurs de Tarbes,public,Other,No,www.enit.fr,FRJ2,Midi-Pyrénées,Midi-Pyrénées,FRJ26,Hautes-Pyrénées ,Hautes-Pyrénées ,enit.fr
FR0144,Université de Perpignan - Via Domitia,public,University,No,www.univ-perp.fr,FRJ1,Languedoc-Roussillon,Languedoc-Roussillon,FRJ15,Pyrénées-Orientales,Pyrénées-Orientales,univ-perp.fr
FR0145,École nationale supérieure d'architecture de Strasbourg,public,Other,No,www.strasbourg.archi.fr,FRF1,Alsace,Alsace,FRF11,Bas-Rhin,Bas-Rhin,strasbourg.archi.fr
FR0147,École nationale du génie de l'eau et de l'environnement de Strasbourg,public,Other,No,engees.unistra.fr,FRF1,Alsace,Alsace,FRF11,Bas-Rhin,Bas-Rhin,engees.unistra.fr
FR0148,Institut national des sciences appliquées de Strasbourg,public,Other,No,www.insa-strasbourg.fr,FRF1,Alsace,Alsace,FRF11,Bas-Rhin,Bas-Rhin,insa-strasbourg.fr
FR0149,Université de Strasbourg,public,University,Yes,www.unistra.fr,FRF1,Alsace,Alsace,FRF11,Bas-Rhin,Bas-Rhin,unistra.fr
FR0150,Université de Haute-Alsace,public,University,Yes,www.uha.fr,FRF1,Alsace,Alsace,FRF12,Haut-Rhin,Haut-Rhin,uha.fr
FR0152,École nationale supérieure des beaux-arts de Lyon,public,Other,No,www.ensba-lyon.fr,FRK2,Rhône-Alpes,Rhône-Alpes,FRK26,Rhône,Rhône,ensba-lyon.fr
FR0153,École centrale de Lyon,public,Other,Yes,www.ec-lyon.fr,FRK2,Rhône-Alpes,Rhône-Alpes,FRK26,Rhône,Rhône,ec-lyon.fr
FR0154,Institut national des sciences appliquées de Lyon,public,Other,Yes,www.insa-lyon.fr,FRK2,Rhône-Alpes,Rhône-Alpes,FRK26,Rhône,Rhône,insa-lyon.fr
FR0155,École catholique d'arts et métiers LaSalle,private,Other,No,www.ecam.fr,FRK2,Rhône-Alpes,Rhône-Alpes,FRK26,Rhône,Rhône,ecam.fr
FR0156,Institut catholique de Lyon,private,Other,No,www.ucly.fr,FRK2,Rhône-Alpes,Rhône-Alpes,FRK26,Rhône,Rhône,ucly.fr
FR0157,Université Claude Bernard - Lyon 1,public,University,Yes,www.univ-lyon1.fr,FRK2,Rhône-Alpes,Rhône-Alpes,FRK26,Rhône,Rhône,univ-lyon1.fr
FR0158,Université Lumière - Lyon 2,public,University,Yes,www.univ-lyon2.fr,FRK2,Rhône-Alpes,Rhône-Alpes,FRK26,Rhône,Rhône,univ-lyon2.fr
FR0159,Institut régional d'administration de Lyon,public,Other,No,www.ira-lyon.gouv.fr,FRK2,Rhône-Alpes,Rhône-Alpes,FRK26,Rhône,Rhône,ira-lyon.gouv.fr
FR0160,Institut supérieur d'agriculture et d'agroalimentaire Rhône-Alpes,private,Other,No,www.isara.fr,FRK2,Rhône-Alpes,Rhône-Alpes,FRK26,Rhône,Rhône,isara.fr
FR0161,Université Jean Moulin - Lyon 3,public,University,Yes,www.univ-lyon3.fr,FRK2,Rhône-Alpes,Rhône-Alpes,FRK26,Rhône,Rhône,univ-lyon3.fr
FR0162,École nationale supérieure des sciences de l'information et des bibliothèques,public,Other,No,www.enssib.fr,FRK2,Rhône-Alpes,Rhône-Alpes,FRK26,Rhône,Rhône,enssib.fr
FR0163,École nationale des travaux publics de l'État,public,Other,No,www.entpe.fr,FRK2,Rhône-Alpes,Rhône-Alpes,FRK26,Rhône,Rhône,entpe.fr
FR0164,Conservatoire national supérieur musique et danse de Lyon,public,Other,No,www.cnsmd-lyon.fr,FRK2,Rhône-Alpes,Rhône-Alpes,FRK26,Rhône,Rhône,cnsmd-lyon.fr
FR0165,Institut textile et chimique,private,Other,No,www.itech.fr,FRK2,Rhône-Alpes,Rhône-Alpes,FRK26,Rhône,Rhône,itech.fr
FR0166,École supérieure chimie physique électronique de Lyon,private,Other,No,www.cpe.fr,FRK2,Rhône-Alpes,Rhône-Alpes,FRK26,Rhône,Rhône,cpe.fr
FR0167,École des avocats Rhône-Alpes,private,Other,No,www.edara.fr,FRK2,Rhône-Alpes,Rhône-Alpes,FRK26,Rhône,Rhône,edara.fr
FR0168,École normale supérieure de Lyon,public,Other,Yes,www.ens-lyon.eu,FRK2,Rhône-Alpes,Rhône-Alpes,FRK26,Rhône,Rhône,ens-lyon.eu
FR0169,Le Mans Université,public,University,No,www.univ-lemans.fr,FRG0,Pays de la Loire,Pays de la Loire,FRG04,Sarthe,Sarthe,univ-lemans.fr
FR0170,Université de Savoie Mont Blanc,public,University,Yes,www.univ-smb.fr,FRK2,Rhône-Alpes,Rhône-Alpes,FRK27,Savoie,Savoie,univ-smb.fr
FR0171,École d'ingénieur de la ville de Paris,public,Other,No,www.eivp-paris.fr,FR10,Ile-de-France,Ile-de-France,FR101,Paris,Paris,eivp-paris.fr
FR0172,"Faculté Libre de Droit, d’Economie et de Gestion",private,Other,No,facoparis.com,FR10,Ile-de-France,Ile-de-France,FR101,Paris,Paris,facoparis.com
FR0173,Université Paris-Dauphine,public,Other,No,www.dauphine.fr,FR10,Ile-de-France,Ile-de-France,FR101,Paris,Paris,dauphine.fr
FR0174,Université Paris 1 - Panthéon Sorbonne,public,University,Yes,www.pantheonsorbonne.fr,FR10,Ile-de-France,Ile-de-France,FR101,Paris,Paris,pantheonsorbonne.fr
FR0175,Université Panthéon-Assas,public,University,No,www.u-paris2.fr,FR10,Ile-de-France,Ile-de-France,FR101,Paris,Paris,u-paris2.fr
FR0176,Université Sorbonne Nouvelle - Paris 3,public,University,No,www.univ-paris3.fr,FR10,Ile-de-France,Ile-de-France,FR101,Paris,Paris,univ-paris3.fr
FR0181,École nationale supérieure d'architecture de Paris-Malaquais,public,Other,No,paris-malaquais.archi.fr,FR10,Ile-de-France,Ile-de-France,FR101,Paris,Paris,paris-malaquais.archi.fr
FR0182,École nationale supérieure d'architecture de Paris-La Villette,public,Other,No,www.paris-lavillette.archi.fr,FR10,Ile-de-France,Ile-de-France,FR101,Paris,Paris,paris-lavillette.archi.fr
FR0183,École nationale supérieure d'architecture de Paris-Belleville,public,Other,No,www.paris-belleville.archi.fr,FR10,Ile-de-France,Ile-de-France,FR101,Paris,Paris,paris-belleville.archi.fr
FR0185,École nationale supérieure d'arts et métiers,public,Other,No,artsetmetiers.fr,FR10,Ile-de-France,Ile-de-France,FR101,Paris,Paris,artsetmetiers.fr
FR0186,École nationale supérieure de chimie de Paris,public,Other,Yes,www.chimieparistech.psl.eu,FR10,Ile-de-France,Ile-de-France,FR101,Paris,Paris,chimieparistech.psl.eu
FR0188,École supérieure de physique et de chimie industrielles de la ville de Paris,public,Other,No,www.espci.fr,FR10,Ile-de-France,Ile-de-France,FR101,Paris,Paris,espci.fr
FR0189,Institut d'études politiques de Paris,public,Other,Yes,www.sciencespo.fr,FR10,Ile-de-France,Ile-de-France,FR101,Paris,Paris,sciencespo.fr
FR0190,École normale supérieure de Paris,public,Other,No,www.ens.fr,FR10,Ile-de-France,Ile-de-France,FR101,Paris,Paris,ens.fr
FR0191,Institut des sciences et industries du vivant et de l'environnement,public,Other,No,www.agroparistech.fr,FR10,Ile-de-France,Ile-de-France,FR101,Paris,Paris,agroparistech.fr
FR0192,École nationale supérieure des arts décoratifs,public,Other,No,www.ensad.fr,FR10,Ile-de-France,Ile-de-France,FR101,Paris,Paris,ensad.fr
FR0193,Conservatoire national des arts et métiers,public,Other,No,www.cnam.fr,FR10,Ile-de-France,Ile-de-France,FR101,Paris,Paris,cnam.fr
FR0194,École nationale des Chartes,public,Other,No,www.chartes.psl.eu,FR10,Ile-de-France,Ile-de-France,FR101,Paris,Paris,chartes.psl.eu
FR0195,Collège de France,public,Other,No,www.college-de-france.fr,FR10,Ile-de-France,Ile-de-France,FR101,Paris,Paris,college-de-france.fr
FR0196,École pratique des hautes études,public,Other,No,www.ephe.fr,FR10,Ile-de-France,Ile-de-France,FR101,Paris,Paris,ephe.fr
FR0197,Institut national des langues et civilisations orientales,public,Other,No,www.inalco.fr,FR10,Ile-de-France,Ile-de-France,FR101,Paris,Paris,inalco.fr
FR0198,École du Louvre,public,Other,No,www.ecoledulouvre.fr,FR10,Ile-de-France,Ile-de-France,FR101,Paris,Paris,ecoledulouvre.fr
FR0199,École nationale supérieure des mines de Paris,public,Other,Yes,www.minesparis.psl.eu,FR10,Ile-de-France,Ile-de-France,FR101,Paris,Paris,mines-paristech.fr
FR0200,Muséum national d'histoire naturelle,public,Other,No,www.mnhn.fr,FR10,Ile-de-France,Ile-de-France,FR101,Paris,Paris,mnhn.fr
FR0202,Observatoire de Paris,public,Other,No,www.obspm.fr,FR10,Ile-de-France,Ile-de-France,FR101,Paris,Paris,obspm.fr
FR0203,Télécom Paris,public,Other,No,www.telecom-paris.fr,FR10,Ile-de-France,Ile-de-France,FR101,Paris,Paris,telecom-paris.fr
FR0204,Institut Catholique de Paris,private,Other,No,www.icp.fr,FR10,Ile-de-France,Ile-de-France,FR101,Paris,Paris,icp.fr
FR0205,Institut supérieur d'électronique de Paris,private,Other,No,www.isep.fr,FR10,Ile-de-France,Ile-de-France,FR101,Paris,Paris,isep.fr
FR0206,"École supérieure d'informatique, électronique, automatique",private,Other,No,www.esiea.fr,FR10,Ile-de-France,Ile-de-France,FR101,Paris,Paris,esiea.fr
FR0207,École nationale supérieure des beaux-arts,public,Other,No,www.beauxartsparis.fr,FR10,Ile-de-France,Ile-de-France,FR101,Paris,Paris,beauxartsparis.fr
FR0208,École des hautes études en sciences sociales,public,Other,No,www.ehess.fr,FR10,Ile-de-France,Ile-de-France,FR101,Paris,Paris,ehess.fr
FR0209,École centrale d'électronique,private,Other,No,www.ece.fr,FR10,Ile-de-France,Ile-de-France,FR101,Paris,Paris,ece.fr
FR0210,École nationale supérieure d'architecture de Paris-Val de Seine,public,Other,No,www.paris-valdeseine.archi.fr,FR10,Ile-de-France,Ile-de-France,FR101,Paris,Paris,paris-valdeseine.archi.fr
FR0211,École nationale supérieure de création industrielle,public,Other,No,www.ensci.com,FR10,Ile-de-France,Ile-de-France,FR101,Paris,Paris,ensci.com
FR0213,Centre des études supérieures industrielles,private,Other,No,www.cesi.fr,FR10,Ile-de-France,Ile-de-France,FR101,Paris,Paris,cesi.fr
FR0214,Institut catholique d'arts et métiers,private,Other,No,www.icam.fr,FR10,Ile-de-France,Ile-de-France,FR101,Paris,Paris,icam.fr
FR0215,Pôle supérieur d’enseignement artistique Paris Boulogne-Billancourt,public,Other,No,www.pspbb.fr,FR10,Ile-de-France,Ile-de-France,FR101,Paris,Paris,pspbb.fr
FR0216,École nationale supérieure d'architecture de Normandie,public,Other,No,www.rouen.archi.fr,FRD2,Haute-Normandie ,Haute-Normandie ,FRD22,Seine-Maritime,Seine-Maritime,rouen.archi.fr
FR0217,Institut national des sciences appliquées de Rouen,public,Other,No,www.insa-rouen.fr,FRD2,Haute-Normandie ,Haute-Normandie ,FRD22,Seine-Maritime,Seine-Maritime,insa-rouen.fr
FR0218,Université de Rouen,public,University,No,www.univ-rouen.fr,FRD2,Haute-Normandie ,Haute-Normandie ,FRD22,Seine-Maritime,Seine-Maritime,univ-rouen.fr
FR0219,École supérieure d'ingénieurs en génie électrique,private,Other,No,www.esigelec.fr,FRD2,Haute-Normandie ,Haute-Normandie ,FRD22,Seine-Maritime,Seine-Maritime,esigelec.fr
FR0220,Université du Havre,public,University,No,www.univ-lehavre.fr,FRD2,Haute-Normandie ,Haute-Normandie ,FRD22,Seine-Maritime,Seine-Maritime,univ-lehavre.fr
FR0221,École supérieure d’ingénieurs et de techniciens pour l’agriculture,private,Other,No,www.esitpa.org,FRD2,Haute-Normandie ,Haute-Normandie ,FRD22,Seine-Maritime,Seine-Maritime,esitpa.org
FR0223,Université Paris-Est Marne-la-Vallée,public,University,No,www.u-pem.fr,FR10,Ile-de-France,Ile-de-France,FR102,Seine-et-Marne ,Seine-et-Marne ,u-pem.fr
FR0224,École nationale des ponts et chaussées,public,Other,Yes,www.enpc.fr,FR10,Ile-de-France,Ile-de-France,FR102,Seine-et-Marne ,Seine-et-Marne ,enpc.fr
FR0225,École d'architecture de la ville et des territoires à Marne-la-Vallée,public,Other,No,www.marnelavallee.archi.fr,FR10,Ile-de-France,Ile-de-France,FR102,Seine-et-Marne ,Seine-et-Marne ,marnelavallee.archi.fr
FR0226,Université Paris-Est,public,University,No,www.paris-est-sup.fr,FR10,Ile-de-France,Ile-de-France,FR102,Seine-et-Marne ,Seine-et-Marne ,paris-est-sup.fr
FR0227,École nationale supérieure d’architecture de Versailles,public,Other,No,www.versailles.archi.fr,FR10,Ile-de-France,Ile-de-France,FR103,Yvelines ,Yvelines ,versailles.archi.fr
FR0228,École des beaux-arts de Versailles,public,Other,No,www.versailles.fr,FR10,Ile-de-France,Ile-de-France,FR103,Yvelines ,Yvelines ,versailles.fr
FR0229,Université de Versailles Saint-Quentin-en-Yvelines,public,University,No,www.uvsq.fr,FR10,Ile-de-France,Ile-de-France,FR103,Yvelines ,Yvelines ,uvsq.fr
FR0230,Université de Picardie Jules Verne,public,University,No,www.u-picardie.fr,FRE2,Picardie,Picardie,FRE23,Somme,Somme,u-picardie.fr
FR0231,École Supérieure d'Ingénieurs en Électronique et Électrotechnique Amiens,private,Other,No,www.esiee-amiens.fr,FRE2,Picardie,Picardie,FRE23,Somme,Somme,esiee-amiens.fr
FR0232,École nationale supérieure des mines d'Albi-Carmaux,public,Other,No,www.imt-mines-albi.fr,FRJ2,Midi-Pyrénées,Midi-Pyrénées,FRJ27,Tarn,Tarn,imt-mines-albi.fr
FR0233,Institut national universitaire Jean-François-Champollion,public,University,No,www.univ-jfc.fr,FRJ2,Midi-Pyrénées,Midi-Pyrénées,FRJ27,Tarn,Tarn,univ-jfc.fr
FR0234,Université de Toulon,public,University,No,www.univ-tln.fr,FRL0,Provence-Alpes-Côte d’Azur,Provence-Alpes-Côte d’Azur,FRL05,Var,Var,univ-tln.fr
FR0236,Université d'Avignon,public,University,No,www.univ-avignon.fr,FRL0,Provence-Alpes-Côte d’Azur,Provence-Alpes-Côte d’Azur,FRL06,Vaucluse,Vaucluse,univ-avignon.fr
FR0237,Institut catholique d'études supérieures,private,Other,No,www.ices.fr,FRG0,Pays de la Loire,Pays de la Loire,FRG05,Vendée,Vendée,ices.fr
FR0238,École nationale supérieure de mécanique et d'aérotechnique de Poitiers,public,Other,No,www.ensma.fr,FRI3,Poitou-Charentes,Poitou-Charentes,FRI34,Vienne,Vienne,ensma.fr
FR0239,Université de Poitiers,public,University,Yes,www.univ-poitiers.fr,FRI3,Poitou-Charentes,Poitou-Charentes,FRI34,Vienne,Vienne,univ-poitiers.fr
FR0240,Université de Limoges,public,University,No,www.unilim.fr,FRI2,Limousin,Limousin,FRI23,Haute-Vienne,Haute-Vienne,unilim.fr
FR0242,Institut d'ingénierie informatique de Limoges,private,Other,No,www.3il-ingenieurs.fr,FRI2,Limousin,Limousin,FRI23,Haute-Vienne,Haute-Vienne,3il-ingenieurs.fr
FR0243,Université de technologie de Belfort-Montbéliard,public,Other,No,www.utbm.fr,FRC2,Franche-Comté,Franche-Comté,FRC24,Territoire de Belfort,Territoire de Belfort,utbm.fr
FR0247,École polytechnique,public,Other,No,www.polytechnique.edu,FR10,Ile-de-France,Ile-de-France,FR104,Essonne,Essonne,polytechnique.edu
FR0248,Télécom SudParis,public,Other,No,www.telecom-sudparis.eu,FR10,Ile-de-France,Ile-de-France,FR104,Essonne,Essonne,telecom-sudparis.eu
FR0249,Université d'Évry-Val d'Essonne,public,University,No,www.univ-evry.fr,FR10,Ile-de-France,Ile-de-France,FR104,Essonne,Essonne,univ-evry.fr
FR0250,Institut Mines-Télécom Business School,public,Other,No,www.imt-bs.eu,FR10,Ile-de-France,Ile-de-France,FR104,Essonne,Essonne,imt-bs.eu
FR0251,École nationale supérieure d'informatique pour l'industrie et l'entreprise,public,Other,No,www.ensiie.fr,FR10,Ile-de-France,Ile-de-France,FR104,Essonne,Essonne,ensiie.fr
FR0252,École nationale supérieure de techniques avancées,public,Other,No,www.ensta-paristech.fr,FR10,Ile-de-France,Ile-de-France,FR104,Essonne,Essonne,ensta-paristech.fr
FR0253,EPF - École d'ingénieurs,private,Other,No,www.epf.fr,FR10,Ile-de-France,Ile-de-France,FR105,Hauts-de-Seine ,Hauts-de-Seine ,epf.fr
FR0254,École nationale supérieure du pétrole et des moteurs,public,Other,No,www.ifp-school.com,FR10,Ile-de-France,Ile-de-France,FR105,Hauts-de-Seine ,Hauts-de-Seine ,ifp-school.com
FR0255,Université Paris Nanterre,public,University,Yes,www.parisnanterre.fr,FR10,Ile-de-France,Ile-de-France,FR105,Hauts-de-Seine ,Hauts-de-Seine ,parisnanterre.fr
FR0257,École Nationale de la Statistique et de l’Administration Économique,public,Other,No,www.ensae.fr,FR10,Ile-de-France,Ile-de-France,FR104,Essonne,Essonne,ensae.fr
FR0258,École supérieure des techniques aéronautiques et de construction automobile,private,Other,No,www.estaca.fr,FR10,Ile-de-France,Ile-de-France,FR103,Yvelines ,Yvelines ,estaca.fr
FR0259,École supérieure d'ingénieurs Léonard-de-Vinci,private,Other,No,www.esilv.fr,FR10,Ile-de-France,Ile-de-France,FR105,Hauts-de-Seine ,Hauts-de-Seine ,esilv.fr
FR0260,École nationale supérieure maritime,public,Other,No,www.supmaritime.fr,FRD2,Haute-Normandie ,Haute-Normandie ,FRD22,Seine-Maritime,Seine-Maritime,supmaritime.fr
FR0261,Institut supérieur de mécanique de Paris,public,Other,No,www.supmeca.fr,FR10,Ile-de-France,Ile-de-France,FR106,Seine-Saint-Denis ,Seine-Saint-Denis ,supmeca.fr
FR0262,Université Paris 13 - Paris Nord,public,University,No,www.univ-paris13.fr,FR10,Ile-de-France,Ile-de-France,FR106,Seine-Saint-Denis ,Seine-Saint-Denis ,univ-paris13.fr
FR0263,Université Paris 8 - Vincennes - Saint-Denis,public,University,Yes,www.univ-paris8.fr,FR10,Ile-de-France,Ile-de-France,FR106,Seine-Saint-Denis ,Seine-Saint-Denis ,univ-paris8.fr
FR0264,École Supérieure d'Ingénieurs en Électronique et Électrotechnique Paris,private,Other,No,www.esiee.fr,FR10,Ile-de-France,Ile-de-France,FR106,Seine-Saint-Denis ,Seine-Saint-Denis ,esiee.fr
FR0266,Université Paris-Est Créteil Val-de-Marne,public,University,No,www.u-pec.fr,FR10,Ile-de-France,Ile-de-France,FR107,Val-de-Marne,Val-de-Marne,u-pec.fr
FR0267,École d'ingénieur généraliste en informatique et technologies du numérique,private,Other,No,www.efrei.fr,FR10,Ile-de-France,Ile-de-France,FR107,Val-de-Marne,Val-de-Marne,efrei.fr
FR0268,ESME Sudria,private,Other,No,www.esme.fr,FR10,Ile-de-France,Ile-de-France,FR107,Val-de-Marne,Val-de-Marne,esme.fr
FR0269,École supérieure d'ingénieurs des travaux de la construction de Paris,private,Other,No,www.esitc-paris.fr,FR10,Ile-de-France,Ile-de-France,FR107,Val-de-Marne,Val-de-Marne,esitc-paris.fr
FR0270,École pour l'informatique et les techniques avancées,private,Other,No,www.epita.fr,FR10,Ile-de-France,Ile-de-France,FR107,Val-de-Marne,Val-de-Marne,epita.fr
FR0271,Institut polytechnique des sciences avancées,private,Other,No,www.ipsa.fr,FR10,Ile-de-France,Ile-de-France,FR107,Val-de-Marne,Val-de-Marne,ipsa.fr
FR0272,"École spéciale des travaux publics, du bâtiment et de l'industrie",private,Other,No,www.estp.fr,FR10,Ile-de-France,Ile-de-France,FR107,Val-de-Marne,Val-de-Marne,estp.fr
FR0273,École nationale supérieure de l'électronique et de ses applications de Cergy,public,Other,No,www.ensea.fr,FR10,Ile-de-France,Ile-de-France,FR108,Val-d’Oise,Val-d’Oise,ensea.fr
FR0276,École d'ingénieur d'agro-développement international,private,Other,No,www.istom.fr,FRG0,Pays de la Loire,Pays de la Loire,FRG02,Maine-et-Loire,Maine-et-Loire,istom.fr
FR0277,Institut libre d'éducation physique supérieur,private,Other,No,www.ileps.org,FR10,Ile-de-France,Ile-de-France,FR108,Val-d’Oise,Val-d’Oise,ileps.org
FR0278,ECAM - EPMI Graduate School of Engineering,private,Other,No,www.ecam-epmi.fr,FR10,Ile-de-France,Ile-de-France,FR108,Val-d’Oise,Val-d’Oise,ecam-epmi.fr
FR0279,École de biologie industrielle,private,Other,No,ebi-edu.com,FR10,Ile-de-France,Ile-de-France,FR108,Val-d’Oise,Val-d’Oise,ebi-edu.com
FR0280,Institut régional d'administration de Bastia,public,Other,No,ira-bastia.gouv.fr,FRM0,Corse,Corse,FRM02,Haute-Corse,Haute-Corse,ira-bastia.gouv.fr
FR0281,Université de Corse Pasquale Paoli,public,University,No,www.univ-corse.fr,FRM0,Corse,Corse,FRM02,Haute-Corse,Haute-Corse,univ-corse.fr
FR0282,Université des Antilles,public,University,No,www.univ-antilles.fr,FRY1,Guadeloupe,Guadeloupe,FRY10,Guadeloupe,Guadeloupe,univ-antilles.fr
FR0283,Université de La Réunion,public,University,No,www.univ-reunion.fr,FRY4,La Réunion ,La Réunion ,FRY40,La Réunion,La Réunion,univ-reunion.fr
FR0285,Université de la Nouvelle-Calédonie,public,University,No,unc.nc,FRZZ,Extra-Regio NUTS 2,Extra-Regio NUTS 2,FRZZZ,Extra-Regio NUTS 3,Extra-Regio NUTS 3,unc.nc
FR0286,Université de la Polynésie Française,public,University,No,www.upf.pf,FRZZ,Extra-Regio NUTS 2,Extra-Regio NUTS 2,FRZZZ,Extra-Regio NUTS 3,Extra-Regio NUTS 3,upf.pf
FR0287,Centre Universitaire de Mayotte,public,University,No,www.univ-mayotte.fr,FRZZ,Extra-Regio NUTS 2,Extra-Regio NUTS 2,FRZZZ,Extra-Regio NUTS 3,Extra-Regio NUTS 3,univ-mayotte.fr
FR0288,Université de Bordeaux,public,University,Yes,www.u-bordeaux.fr,FRI1,Aquitaine,Aquitaine,FRI12,Gironde,Gironde,u-bordeaux.fr
FR0319,Institut national des sciences appliquées Centre Val de Loire,public,Other,No,www.insa-centrevaldeloire.fr,FRB0,Centre — Val de Loire,Centre — Val de Loire,FRB01,Cher,Cher,insa-centrevaldeloire.fr
FR0320,École normale supérieure de Rennes,public,Other,No,www.ens-rennes.fr,FRH0,Bretagne,Bretagne,FRH03,Ille-et-Vilaine,Ille-et-Vilaine,ens-rennes.fr
FR0323,Université de Montpellier,public,University,Yes,www.umontpellier.fr,FRJ1,Languedoc-Roussillon,Languedoc-Roussillon,FRJ13,Hérault,Hérault,umontpellier.fr
FR0327,Université de Guyane,public,University,No,www.univ-guyane.fr,FRY3,Guyane,Guyane,FRY30,Guyane,Guyane,univ-guyane.fr
FR0328,VetAgro Sup Marcy-l'Étoile,public,Other,No,www.vetagro-sup.fr,FRK2,Rhône-Alpes,Rhône-Alpes,FRK26,Rhône,Rhône,vetagro-sup.fr
FR0329,École nationale vétérinaire de Toulouse,public,Other,No,www.envt.fr,FRJ2,Midi-Pyrénées,Midi-Pyrénées,FRJ23,Haute-Garonne,Haute-Garonne,envt.fr
FR0330,École nationale vétérinaire d'Alfort,public,Other,No,www.vet-alfort.fr,FR10,Ile-de-France,Ile-de-France,FR107,Val-de-Marne,Val-de-Marne,vet-alfort.fr
FR0331,"École nationale vétérinaire, agroalimentaire et de l'alimentation, Nantes-Atlantique",public,Other,No,www.oniris-nantes.fr,FRG0,Pays de la Loire,Pays de la Loire,FRG01,Loire-Atlantique,Loire-Atlantique,oniris-nantes.fr
FR0332,École nationale supérieure de paysage de Versailles,public,Other,No,www.ecole-paysage.fr,FR10,Ile-de-France,Ile-de-France,FR103,Yvelines ,Yvelines ,ecole-paysage.fr
FR0333,École catholique d'arts et métiers Strasbourg-Europe,private,Other,No,www.icam.fr,FRF1,Alsace,Alsace,FRF11,Bas-Rhin,Bas-Rhin,ecam-strasbourg.eu
FR0336,Facultés libres de philosophie et de psychologie,private,Other,No,ipc-paris.fr,FR10,Ile-de-France,Ile-de-France,FR101,Paris,Paris,ipc-paris.fr
FR0338,École supérieure d'art Annecy Alpes,public,Other,No,www.esaaa.fr,FRK2,Rhône-Alpes,Rhône-Alpes,FRK28,Haute-Savoie,Haute-Savoie,esaaa.fr
FR0339,Centre Sèvres,private,Other,No,centresevres.com,FR10,Ile-de-France,Ile-de-France,FR101,Paris,Paris,centresevres.com
FR0340,Ecole nationale supérieure d'art Villa d'Arson,public,Other,No,www.villa-arson.org,FRL0,Provence-Alpes-Côte d’Azur,Provence-Alpes-Côte d’Azur,FRL03,Alpes-Maritimes,Alpes-Maritimes,villa-arson.org
FR0341,École supérieure d'art et de design d'Amiens,public,Other,No,www.esad-amiens.fr,FRE2,Picardie,Picardie,FRE23,Somme,Somme,esad-amiens.fr
FR0342,Institut supérieur des beaux-arts de Besançon Franche-Comté,public,Other,No,www.isba-besancon.fr,FRC2,Franche-Comté,Franche-Comté,FRC21,Doubs,Doubs,isba-besancon.fr
FR0343,École des Mines Télécom Atlantique,public,University of applied sciences,No,www.imt-atlantique.fr,FRH0,Bretagne,Bretagne,FRH02,Finistère,Finistère,imt-atlantique.fr
FR0344,Université Lasalle,private,University of applied sciences,No,www.unilasalle.fr,FRE2,Picardie,Picardie,FRE22,Oise,Oise,unilasalle.fr
FR0345,École supérieure d'art du Nord-Pas de Calais / Dunkerque-Tourcoing,public,Other,No,www.esa-n.info,FRE1,Nord-Pas de Calais,Nord-Pas de Calais,FRE11,Nord,Nord,esa-n.info
FR0346,Université de Lille,public,University,No,www.univ-lille.fr,FRE1,Nord-Pas de Calais,Nord-Pas de Calais,FRE11,Nord,Nord,univ-lille.fr
FR0347,Sorbonne Université,public,University,Yes,www.sorbonne-universite.fr,FR10,Ile-de-France,Ile-de-France,FR101,Paris,Paris,sorbonne-universite.fr
FR0355,Institut supérieur européen de formation par l'action,private,Other,No,www.isefac.org,FR10,Ile-de-France,Ile-de-France,FR101,Paris,Paris,isefac.org
FR0356,Epitech,private,Other,No,www.epitech.eu,FR10,Ile-de-France,Ile-de-France,FR107,Val-de-Marne,Val-de-Marne,epitech.eu
FR0358,E-artsup,private,Other,No,www.e-artsup.net,FR10,Ile-de-France,Ile-de-France,FR101,Paris,Paris,e-artsup.net
FR0364,Université Côte d'Azur,public,University,Yes,www.univ-cotedazur.fr,FRL0,Provence-Alpes-Côte d’Azur,Provence-Alpes-Côte d’Azur,FRL03,Alpes-Maritimes,Alpes-Maritimes,univ-cotedazur.fr
FR0365,Université Paris Cité,public,University,Yes,u-paris.fr,FR10,Ile-de-France,Ile-de-France,FR101,Paris,Paris,u-paris.fr
FR0366,CY Cergy Paris Université,public,University,Yes,www.cyu.fr,FR10,Ile-de-France,Ile-de-France,FR108,Val-d’Oise,Val-d’Oise,cyu.fr
FR0367,EPE université Grenoble Alpes,public,University,Yes,www.univ-grenoble-alpes.fr,FRK2,Rhône-Alpes,Rhône-Alpes,FRK24,Isère,Isère,univ-grenoble-alpes.fr
FR0369,Université Paris-saclay,public,University,Yes,www.universite-paris-saclay.fr,FR10,Ile-de-France,Ile-de-France,FR104,Essonne,Essonne,universite-paris-saclay.fr
FR0401,École des hautes études commerciales de Paris,private,Other,No,www.hec.fr,FR10,Ile-de-France,Ile-de-France,FR103,Yvelines ,Yvelines ,hec.fr
FR0402,Grenoble École de management,private,Other,No,www.grenoble-em.com,FRK2,Rhône-Alpes,Rhône-Alpes,FRK24,Isère,Isère,grenoble-em.com
FR0403,Audencia Nantes Ecole de management,private,Other,No,www.audencia.com,FRG0,Pays de la Loire,Pays de la Loire,FRG01,Loire-Atlantique,Loire-Atlantique,audencia.com
FR0404,Institut d'Économie Scientifique et de Gestion,private,Other,No,www.ieseg.fr,FRE1,Nord-Pas de Calais,Nord-Pas de Calais,FRE11,Nord,Nord,ieseg.fr
FR0405,Neoma business school,private,Other,No,www.neoma-bs.fr,FRD2,Haute-Normandie ,Haute-Normandie ,FRD22,Seine-Maritime,Seine-Maritime,neoma-bs.fr
FR0408,Kedge business school,private,Other,No,kedge.edu,FRI1,Aquitaine,Aquitaine,FRI12,Gironde,Gironde,kedge.edu
FR0411,École supérieure de commerce d’Amiens,private,Other,No,www.esc-amiens.com,FRE2,Picardie,Picardie,FRE23,Somme,Somme,esc-amiens.com
FR0412,École supérieure des technologies et des affaires de Belfort,private,Other,No,www.esta-groupe.fr,FRC2,Franche-Comté,Franche-Comté,FRC24,Territoire de Belfort,Territoire de Belfort,esta-groupe.fr
FR0413,École de commerce européenne,private,Other,No,ece.inseec.com,FRK2,Rhône-Alpes,Rhône-Alpes,FRK26,Rhône,Rhône,ece.inseec.com
FR0414,École supérieure de commerce de Pau,private,Other,No,www.esc-pau.fr,FRI1,Aquitaine,Aquitaine,FRI15,Pyrénées-Atlantiques,Pyrénées-Atlantiques,esc-pau.fr
FR0415,Sud Management - EGC Agen,private,Other,No,www.sudmanagement.fr,FRI1,Aquitaine,Aquitaine,FRI14,Lot-et-Garonne,Lot-et-Garonne,sudmanagement.fr
FR0416,École de gestion et de commerce de Normandie,private,Other,No,www.egcnormandie.fr,FRD1,Basse-Normandie ,Basse-Normandie ,FRD12,Manche ,Manche ,egcnormandie.fr
FR0417,École supérieure de commerce de Clermont-Ferrand,private,Other,No,www.esc-clermont.fr,FRK1,Auvergne,Auvergne,FRK14,Puy-de-Dôme,Puy-de-Dôme,esc-clermont.fr
FR0418,Institut Européen d'Administration des Affaires,private,Other,No,www.insead.edu,FR10,Ile-de-France,Ile-de-France,FR102,Seine-et-Marne ,Seine-et-Marne ,insead.edu
FR0419,École supérieure de commerce de Dijon-Bourgogne,private,Other,No,www.bsb-education.com,FRC1,Bourgogne,Bourgogne,FRC11,Côte-d’Or,Côte-d’Or,bsb-education.com
FR0420,École de gestion et de commerce de Valence,private,Other,No,ecole-commerce-valence.fr,FRK2,Rhône-Alpes,Rhône-Alpes,FRK23,Drôme,Drôme,ecole-commerce-valence.fr
FR0421,Ecole de gestion et de commerce de La Réunion,private,Other,No,www.egc-reunion.re,FRZZ,Extra-Regio NUTS 2,Extra-Regio NUTS 2,FRZZZ,Extra-Regio NUTS 3,Extra-Regio NUTS 3,egc-reunion.re
FR0422,École des hautes études commerciales du nord,private,Other,No,www.edhec.edu,FRE1,Nord-Pas de Calais,Nord-Pas de Calais,FRE11,Nord,Nord,edhec.edu
FR0423,SKEMA Business School,private,Other,No,www.skema.edu,FRE1,Nord-Pas de Calais,Nord-Pas de Calais,FRE11,Nord,Nord,skema.edu
FR0424,"Ecole Supérieure de Commerce et Développement – Afrique, Amériques, Asie",private,Other,No,www.ecole3a.edu,FRK2,Rhône-Alpes,Rhône-Alpes,FRK26,Rhône,Rhône,ecole3a.edu
FR0426,Institut de recherche et d’action commerciale,private,Other,No,www.idrac-business-school.com,FRK2,Rhône-Alpes,Rhône-Alpes,FRK26,Rhône,Rhône,idrac-business-school.com
FR0428,Montpellier Business School,private,Other,No,www.montpellier-bs.com,FRJ1,Languedoc-Roussillon,Languedoc-Roussillon,FRJ13,Hérault,Hérault,montpellier-bs.com
FR0429,ICN Nancy-Metz Ecole de management,private,Other,No,www.icn-artem.com,FRF3,Lorraine,Lorraine,FRF31,Meurthe-et-Moselle ,Meurthe-et-Moselle ,icn-artem.com
FR0430,Ecole de gestion et de commerce de Vendée,private,Other,No,www.egc-vendee.fr,FRG0,Pays de la Loire,Pays de la Loire,FRG05,Vendée,Vendée,egc-vendee.fr
FR0431,Ecole supérieure des sciences commerciales d’Angers,private,Other,No,www.essca.fr,FRG0,Pays de la Loire,Pays de la Loire,FRG02,Maine-et-Loire,Maine-et-Loire,essca.fr
FR0434,Ecole européenne de management,private,Other,No,www.ebs-paris.fr,FR10,Ile-de-France,Ile-de-France,FR101,Paris,Paris,ebs-paris.fr
FR0435,Ecole supérieure du commerce extérieur,private,Other,No,www.esce.fr,FR10,Ile-de-France,Ile-de-France,FR101,Paris,Paris,esce.fr
FR0437,Ecole Ferrandi Paris,private,Other,No,www.ferrandi-paris.fr,FR10,Ile-de-France,Ile-de-France,FR101,Paris,Paris,ferrandi-paris.fr
FR0439,Institut des hautes études économiques et commerciales,private,Other,No,www.inseec-bs.com,FR10,Ile-de-France,Ile-de-France,FR101,Paris,Paris,inseec-bs.com
FR0440,Institut de préparation à l’administration et à la gestion,private,Other,No,www.ipag.edu,FR10,Ile-de-France,Ile-de-France,FR101,Paris,Paris,ipag.edu
FR0442,Institut Superieur de Gestion,private,Other,No,www.isg.fr,FR10,Ile-de-France,Ile-de-France,FR101,Paris,Paris,isg.fr
FR0443,"Institut supérieur privé des sciences, techniques et économie commerciales",private,Other,No,istec.fr,FR10,Ile-de-France,Ile-de-France,FR101,Paris,Paris,istec.fr
FR0444,Institut Français de la Mode,private,Other,No,www.ifm-paris.com,FR10,Ile-de-France,Ile-de-France,FR101,Paris,Paris,ifm-paris.com
FR0445,PSB Paris School of Business,private,Other,No,www.psbedu.paris,FR10,Ile-de-France,Ile-de-France,FR101,Paris,Paris,psbedu.paris
FR0446,Excelia Group,private,Other,No,www.excelia-group.com,FRI3,Poitou-Charentes,Poitou-Charentes,FRI32,Charente-Maritime,Charente-Maritime,excelia-group.com
FR0447,Y Schools,private,Other,No,www.yschools.fr,FRF2,Champagne-Ardenne,Champagne-Ardenne,FRF22,Aube,Aube,yschools.fr
FR0448,Brest Business School,private,Other,No,international.brest-bs.com,FRH0,Bretagne,Bretagne,FRH02,Finistère,Finistère,international.brest-bs.com
FR0449,Rennes School of Business,private,Other,No,www.rennes-sb.fr,FRH0,Bretagne,Bretagne,FRH03,Ille-et-Vilaine,Ille-et-Vilaine,rennes-sb.fr
FR0450,École de Management de Normandie,private,Other,No,www.em-normandie.com,FRD2,Haute-Normandie ,Haute-Normandie ,FRD22,Seine-Maritime,Seine-Maritime,em-normandie.com
FR0452,Ecole de gestion et de commerce d’Occitanie,private,Other,No,www.egc-occitanie.fr,FRJ2,Midi-Pyrénées,Midi-Pyrénées,FRJ22,Aveyron,Aveyron,egc-occitanie.fr
FR0454,Ecole des dirigeants et créateurs d'entreprise,private,Other,No,www.edcparis.edu,FR10,Ile-de-France,Ile-de-France,FR105,Hauts-de-Seine ,Hauts-de-Seine ,edcparis.edu
FR0456,Ecole supérieure des sciences économiques et commerciales,private,Other,No,www.essec.edu,FR10,Ile-de-France,Ile-de-France,FR108,Val-d’Oise,Val-d’Oise,essec.edu
FR0459,Institut polytechnique de Paris,public,Other,Yes,www.ip-paris.fr,FR10,Ile-de-France,Ile-de-France,FR101,Paris,Paris,ip-paris.fr
FR0462,Eurecom,public,Other,No,www.eurecom.fr,FRL0,Provence-Alpes-Côte d’Azur,Provence-Alpes-Côte d’Azur,FRL03,Alpes-Maritimes,Alpes-Maritimes,eurecom.fr
FR0463,Institut National des Sciences Appliquées Hauts-de-France,public,University of applied sciences,No,www.insa-hautsdefrance.fr,FRE1,Nord-Pas de Calais,Nord-Pas de Calais,FRE11,Nord,Nord,insa-hautsdefrance.fr
FR0465,Ecole Nationale des Sciences Géographiques,public,Other,No,www.ensg.eu,FR10,Ile-de-France,Ile-de-France,FR102,Seine-et-Marne ,Seine-et-Marne ,ensg.eu
FR0466,Institut national polytechnique Clermont-Auvergne,public,University of applied sciences,No,www.clermont-auvergne-inp.fr,FRK1,Auvergne,Auvergne,FRK14,Puy-de-Dôme,Puy-de-Dôme,polytech.univ-bpclermont.fr
FR0468,Université Paris sciences et lettres,public,University,No,psl.eu,FR10,Ile-de-France,Ile-de-France,FR101,Paris,Paris,psl.eu
FR0501,École de commerce spécialisée en marketing et management,private,Other,No,www.esgci.com,FR10,Ile-de-France,Ile-de-France,FR101,Paris,Paris,esgci.com
FR0502,Ecole de Commmerce Montpellier,private,Other,No,www.esg.fr,FRJ1,Languedoc-Roussillon,Languedoc-Roussillon,FRJ13,Hérault,Hérault,esg.fr
FR0504,Ecole de gestion et finance Paris,private,Other,No,www.esgf.com,FR10,Ile-de-France,Ile-de-France,FR105,Hauts-de-Seine ,Hauts-de-Seine ,esgf.com
FR0506,Ecole de Gestion en Ressources Humaines,private,Other,No,www.esgrh.fr,FR10,Ile-de-France,Ile-de-France,FR101,Paris,Paris,esgrh.fr
FR0507,Ecole supérieure de Communication et de Publicité,private,Other,No,www.iscom.fr,FR10,Ile-de-France,Ile-de-France,FR101,Paris,Paris,iscom.fr
FR0508,Sup Career Alternance,private,Other,No,www.supcareer.com,FR10,Ile-de-France,Ile-de-France,FR101,Paris,Paris,supcareer.com
FR0509,ESI Business School,private,Other,No,www.esi-business-school.com,FR10,Ile-de-France,Ile-de-France,FR105,Hauts-de-Seine ,Hauts-de-Seine ,esi-business-school.com
FR0510,École interarmées des sports,private,Other,No,www.terre.defense.gouv.fr,FR10,Ile-de-France,Ile-de-France,FR102,Seine-et-Marne ,Seine-et-Marne ,terre.defense.gouv.fr
FR0514,Institut supérieur européen de gestion Paris,private,Other,No,www.iseg.fr,FR10,Ile-de-France,Ile-de-France,FR101,Paris,Paris,iseg.fr
FR0515,Institut Paul Bocuse,private,Other,No,en.institutlyfe.com,FRK2,Rhône-Alpes,Rhône-Alpes,FRK26,Rhône,Rhône,en.institutlyfe.com
FR0516,ESLSCA Business School,private,Other,No,www.eslsca.fr,FR10,Ile-de-France,Ile-de-France,FR101,Paris,Paris,eslsca.fr
FR0809,Comue Université Bourgogne Franche-Comté,public,University,No,www.ubfc.fr,FRC2,Franche-Comté,Franche-Comté,FRC21,Doubs,Doubs,ubfc.fr
FR0864,Institut d'études politiques de Lyon,public,University of applied sciences,Yes,www.sciencespo-lyon.fr,FRK2,Rhône-Alpes,Rhône-Alpes,FRK26,Rhône,Rhône,sciencespo-lyon.fr
FR0866,Institut d'études politiques de Lille,public,University of applied sciences,No,www.sciencespo-lille.eu,FRE1,Nord-Pas de Calais,Nord-Pas de Calais,FRE11,Nord,Nord,sciencespo-lille.eu
FR0867,Université Gustave-Eiffel,public,University,No,www.univ-gustave-eiffel.fr,FR10,Ile-de-France,Ile-de-France,FR102,Seine-et-Marne ,Seine-et-Marne ,univ-gustave-eiffel.fr
FR0877,Institut d'études politiques de Rennes,public,University of applied sciences,No,www.sciencespo-rennes.fr,FRH0,Bretagne,Bretagne,FRH03,Ille-et-Vilaine,Ille-et-Vilaine,sciencespo-rennes.fr
FR0883,Institut national des sciences et techniques nucléaires,public,Other,No,instn.cea.fr,FR10,Ile-de-France,Ile-de-France,FR101,Paris,Paris,www-instn.cea.fr
FR0888,Institut National du Patrimoine,public,Other,No,www.inp.fr,FR10,Ile-de-France,Ile-de-France,FR101,Paris,Paris,inp.fr
FR0897,Institut supérieur des matériaux du Mans,private,Other,No,ismans.cesi.fr,FRG0,Pays de la Loire,Pays de la Loire,FRG04,Sarthe,Sarthe,ismans.cesi.fr
FR0906,Ecole pratique du service social,private,Other,No,epss.fr,FR10,Ile-de-France,Ile-de-France,FR101,Paris,Paris,epss-edu.com
FR0907,Institut national du service public,public,Other,No,insp.gouv.fr,FRF1,Alsace,Alsace,FRF11,Bas-Rhin,Bas-Rhin,ena.fr
FR0909,Institut Régional du Travail Social de Champagne Ardennes,private,Other,No,www.irtsca.fr,FRF2,Champagne-Ardenne,Champagne-Ardenne,FRF23,Marne,Marne,irtsca.fr
FR0910,Ecole supérieure de réalisation audiovisuelle,private,Other,No,www.esra.edu,FR10,Ile-de-France,Ile-de-France,FR101,Paris,Paris,esra.edu
FR0911,The sustainable design school,private,Other,No,www.the-sds.com,FRL0,Provence-Alpes-Côte d’Azur,Provence-Alpes-Côte d’Azur,FRL03,Alpes-Maritimes,Alpes-Maritimes,the-sds.com
FR0914,Toulouse Business School,private,Other,Yes,www.tbs-education.fr,FRJ2,Midi-Pyrénées,Midi-Pyrénées,FRJ23,Haute-Garonne,Haute-Garonne,tbs-education.fr
FR0919,Institut national supérieur de formation et de recherche pour l’éducation des jeunes handicapés et les enseignements adaptés (INSHEA),public,University,No,www.inshea.fr,FR10,Ile-de-France,Ile-de-France,FR105,Hauts-de-Seine ,Hauts-de-Seine ,inshea.fr
FR0924,Conservatoire national supérieur d'Art dramatique,public,Other,No,www.cnsad.fr,FR10,Ile-de-France,Ile-de-France,FR101,Paris,Paris,cnsad.fr
FR0925,École nationale supérieure des métiers de l'image et du son,private,Other,No,www.femis.fr,FR10,Ile-de-France,Ile-de-France,FR101,Paris,Paris,femis.fr
FR0943,ENS Mines-Telecom Nord Europe,private,Other,No,imt-nord-europe.fr,FRE1,Nord-Pas de Calais,Nord-Pas de Calais,FRE11,Nord,Nord,imt-nord-europe.fr
FR0945,EPE-Université Clermont Auvergne,public,University,No,www.uca.fr,FRK1,Auvergne,Auvergne,FRK14,Puy-de-Dôme,Puy-de-Dôme,uca.fr
FR0946,Haute École des arts du Rhin,public,Other,No,www.hear.fr,FRF1,Alsace,Alsace,FRF11,Bas-Rhin,Bas-Rhin,hear.fr
FR0951,Institut supérieur du bâtiment et des travaux publics,private,Other,No,www.isba.fr,FRL0,Provence-Alpes-Côte d’Azur,Provence-Alpes-Côte d’Azur,FRL04,Bouches-du-Rhône,Bouches-du-Rhône,isba.fr
FR0965,Ecole supérieure de fonderie et de forge,private,Other,No,www.esff.fr,FR10,Ile-de-France,Ile-de-France,FR105,Hauts-de-Seine ,Hauts-de-Seine ,esff.fr
FR0966,Ecole d'ingénieurs des sciences aérospatiales,private,Other,No,www.elisa-aerospace.fr,FR22,,,FR221,,,elisa-aerospace.fr
FR0978,Institut supérieur des biotechnologies de Paris,private,Other,No,www.supbiotech.fr,FR10,Ile-de-France,Ile-de-France,FR107,Val-de-Marne,Val-de-Marne,supbiotech.fr
FR0980,Ecole supérieure du soudage et de ses applications,private,Other,No,www.essa-eaps.isgroupe.com,FRF3,Lorraine,Lorraine,FRF33,Moselle,Moselle,essa-eaps.isgroupe.com
